{
  "version": 1,
  "time": {
    "style": 1,
    "color": "#ffffff"
  },
  "top": {
    "component": "calendar",
    "text": "知其不可为而为之，知其不可奈何而安之若命"
  },
  "bottom": {
    "component": "sun_current"
  },
  "photos": [
    {
      "portrait": "images/photo/photo1.png",
      "bg": "images/bg/bg1.png",
      "timePosition": 1
    },
    {
      "portrait": "images/photo/photo2.png",
      "bg": "images/bg/bg2.png",
      "timePosition": 2
    },
    {
      "portrait": "images/photo/photo3.png",
      "bg": "images/bg/bg3.png",
      "timePosition": 3
    },
    {
      "portrait": "images/photo/photo4.png",
      "bg": "images/bg/bg4.png",
      "timePosition": 4
    },
    {
      "portrait": "images/photo/photo5.png",
      "bg": "images/bg/bg5.png",
      "timePosition": 5
    }
  ],
  "preview":"images/preview.png"
}